<?xml version="1.0" encoding="UTF-8"?>
<!DOCTYPE mapper PUBLIC "-//mybatis.org//DTD Mapper 3.0//EN" "http://mybatis.org/dtd/mybatis-3-mapper.dtd" >
<mapper namespace="calendarMapper">

  <resultMap type="Calendar" id="CalendarResultSet">
		<id property="calendarNo" column="CALENDAR_NO"/>
		<result property="calTitle" column="CAL_TITLE"/>
		<result property="calDescription" column="CAL_DESCRIPTION"/>
		<result property="calStart" column="CAL_START"/>
		<result property="calEnd" column="CAL_END"/>
		<result property="calType" column="CAL_TYPE"/>
		<result property="calRepeat" column="CAL_REPEAT"/>
		<result property="calBackColor" column="CAL_BACK_COLOR"/>
		<result property="calTextColor" column="CAL_TEXT_COLOR"/>
		<result property="callAllDay" column="CAL_ALLDAY"/> 
		<result property="memberNo" column="MEMBER_NO"/>
	</resultMap>
	
	<!-- 일정 목록 조회 --> 
   <select id="selectEventList" parameterType="_int" resultMap="CalendarResultSet">
   		SELECT * FROM CALENDAR 
   		WHERE MEMBER_NO = #{memberNo}
   </select>
   
   <!-- 새 일정 추가 -->
   <insert id="insertEvent" parameterType="Calendar">
   		INSERT INTO CALENDAR VALUES(
   		SEQ_CAL_ID.NEXTVAL, #{calTitle}, #{calDescription}, #{calStart},
   		#{calEnd}, #{calType}, #{calRepeat}, #{calBackColor}, DEFAULT, #{callAllDay}, #{memberNo})
   </insert>
   
   <!-- 일정 수정 -->
   <update id="updateEvent" parameterType="Calendar">
   		UPDATE CALENDAR SET
   		CAL_TITLE = #{calTitle},
   		CAL_DESCRIPTION = #{calDescription},
   		CAL_START = #{calStart},
   		CAL_END = #{calEnd},
   		CAL_TYPE = #{calType},
   		CAL_REPEAT = #{calRepeat},
   		CAL_BACK_COLOR = #{calBackColor},
   		CAL_ALLDAY = #{callAllDay}
   		WHERE CALENDAR_NO = #{calendarNo}
   </update>
   
   
   <!-- 일정 삭제 -->
   <delete id="deleteEvent" parameterType="Calendar">
   		DELETE FROM CALENDAR
   		WHERE  CALENDAR_NO = #{calendarNo}
   </delete>
   
   <!-- 일정 리사이즈용  -->
   <update id="resizeEvent" parameterType="Calendar">
   		UPDATE CALENDAR SET
   		CAL_START = #{calStart},
   		CAL_END = #{calEnd}
   		WHERE CALENDAR_NO = #{calendarNo}
   </update>
   
   <!-- 일정 드랍용 -->
   <update id="dropEvent" parameterType="Calendar">
   		UPDATE CALENDAR SET
   		CAL_START = #{calStart},
   		CAL_END = #{calEnd}
   		WHERE CALENDAR_NO = #{calendarNo}
   </update>
</mapper>
