<?xml version="1.0" encoding="UTF-8"?>
<!DOCTYPE mapper PUBLIC "-//mybatis.org//DTD Mapper 3.0//EN" "http://mybatis.org/dtd/mybatis-3-mapper.dtd" >
<mapper namespace="noticeMapper">

   <resultMap type="NoticeView" id="noticeResultSet">
      <id property="noticeNo" column="NOTICE_NO" />
      <result property="noticeTitle" column="NOTICE_TITLE" />
      <result property="noticeContent" column="NOTICE_CONTENT" />
      <result property="noticeCreateDate" column="NOTICE_CREATE_DATE" />
      <result property="noticeUpdateDate" column="NOTICE_UPDATE_DATE" />
      <result property="noticeCount" column="NOTICE_COUNT" />
      <result property="memberNo" column="MEMBER_NO" />
      <result property="noticeCode" column="NOTICE_CODE" />
      <result property="memberName" column="MEMBER_NAME" />
      <result property="noticeName" column="NOTICE_NAME" />
   </resultMap>
   
   
   <resultMap type="NoticeFile" id="noticeFileResultSet">
     <id property="fileNo" column="FILE_NO" />
     <result property="fileOriginName" column="FILE_ORIGIN_NM" />
     <result property="fileChangeName" column="FILE_CHANGE_NM" />
     <result property="filePath" column="FILE_PATH" />
     <result property="fileStatus" column="FILE_STATUS" />
     <result property="noticeNo" column="NOTICE_NO" />
     </resultMap>
  
  
  <resultMap type="NoticeReply" id="noticeReplyResultSet">
     <id property="noticeReplyNo" column="NOTICE_REPLY_NO" />
   <result property="noticeReplyContent" column="NOTICE_REPLY_CONTENT" />
   <result property="noticeReplyCreateDate" column="NOTICE_REPLY_CREATE_DT" />
   <result property="noticeReplyModifyDate" column="NOTICE_REPLY_MODIFY_DT" />
   <result property="noticeReplyDelete" column="NOTICE_REPLY_DELETE_YN" />
   <result property="noticeNo" column="NOTICE_NO" />
   <result property="memberNo" column="MEMBER_NO" />
   <result property="memberName" column="MEMBER_NAME" />
  </resultMap>
  
  

   <!-- 공지사항 게시글 수 조회용(+검색) -->
   <select id="getListCount" parameterType="map" resultType="_int">
      SELECT COUNT(*) FROM V_NOTICE
      <where>
         <if test="searchValue != null">
            <bind name="sv" value="'%' + _parameter.searchValue + '%'" />
            <choose>
               <when test="searchKey == 'title'">
                  AND NOTICE_TITLE LIKE #{sv}
               </when>
               <when test="searchKey == 'content'">
                  AND NOTICE_CONTENT LIKE #{sv}
               </when>
               <otherwise>
                  AND (NOTICE_TITLE LIKE #{sv}
                  OR NOTICE_CONTENT LIKE
                  #{sv})
               </otherwise>
            </choose>
         </if>
         AND NOTICE_STATUS = 'Y'
         AND NOTICE_CODE=2
      </where>
   </select>
   
   
   <!-- 공지사항 목록 수 조회용(+검색) 사내공지-->
   <select id="selectList" parameterType="map" resultMap="noticeResultSet">
      SELECT NOTICE_NO, NOTICE_NAME, NOTICE_TITLE, MEMBER_NAME, NOTICE_UPDATE_DATE
      FROM V_NOTICE
      <where>
         <if test="searchValue != null">
            <bind name="sv" value="'%' + _parameter.searchValue + '%'" />
            <choose>
               <when test="searchKey == 'title'">
                  AND NOTICE_TITLE LIKE #{sv}
               </when>
               <when test="searchKey == 'content'">
                  AND NOTICE_CONTENT LIKE #{sv}
               </when>
               <otherwise>
                  AND (NOTICE_TITLE LIKE #{sv}
                  OR NOTICE_CONTENT LIKE #{sv})
               </otherwise>
            </choose>
         </if>
         AND NOTICE_CODE=1 AND ROWNUM <![CDATA[<=]]>2
         AND NOTICE_STATUS = 'Y'
      </where>
      ORDER BY NOTICE_UPDATE_DATE DESC
      </select>
      
      <!-- 공지사항 목록 수 조회용(+검색) 부서공지 -->
      <select id="selectNlist" parameterType="map" resultMap="noticeResultSet">
      SELECT NOTICE_NO, NOTICE_NAME, NOTICE_TITLE, MEMBER_NAME, NOTICE_UPDATE_DATE
      FROM V_NOTICE
      <where>
         <if test="searchValue != null">
            <bind name="sv" value="'%' + _parameter.searchValue + '%'" />
            <choose>
               <when test="searchKey == 'title'">
                  AND NOTICE_TITLE LIKE #{sv}
               </when>
               <when test="searchKey == 'content'">
                  AND NOTICE_CONTENT LIKE #{sv}
               </when>
               <otherwise>
                  AND (NOTICE_TITLE LIKE #{sv}
                  OR NOTICE_CONTENT LIKE #{sv})
               </otherwise>
            </choose>
         </if>
         AND NOTICE_CODE=2
         AND NOTICE_STATUS = 'Y'
      </where>
      ORDER BY NOTICE_UPDATE_DATE DESC
      </select>
   <!-- <select id="selectList" parameterType="map" resultMap="noticeResultSet">
   SELECT NOTICE_NO, NOTICE_NAME, NOTICE_TITLE, MEMBER_NAME, NOTICE_UPDATE_DATE
   FROM (
      SELECT NOTICE_NO, NOTICE_NAME, NOTICE_TITLE, MEMBER_NAME, NOTICE_UPDATE_DATE
      FROM V_NOTICE
      <where>
         <if test="searchValue != null">
            <bind name="sv" value="'%' + _parameter.searchValue + '%'" />
            <choose>
               <when test="searchKey == 'title'">
                  AND NOTICE_TITLE LIKE #{sv}
               </when>
               <when test="searchKey == 'content'">
                  AND NOTICE_CONTENT LIKE #{sv}
               </when>
               <otherwise>
                  AND (NOTICE_TITLE LIKE #{sv}
                  OR NOTICE_CONTENT LIKE #{sv})
               </otherwise>
            </choose>
         </if>
         AND NOTICE_CODE=1 AND ROWNUM<![CDATA[<=]]>2
         AND NOTICE_STATUS = 'Y'
      </where>
      ORDER BY NOTICE_UPDATE_DATE DESC)
      UNION ALL
      SELECT NOTICE_NO, NOTICE_NAME, NOTICE_TITLE, MEMBER_NAME, NOTICE_UPDATE_DATE
      FROM (
         SELECT NOTICE_NO, NOTICE_NAME, NOTICE_TITLE, MEMBER_NAME, NOTICE_UPDATE_DATE
         FROM V_NOTICE
      <where>
         <if test="searchValue != null">
            <bind name="sv" value="'%' + _parameter.searchValue + '%'" />
            <choose>
               <when test="searchKey == 'title'">
                  AND NOTICE_TITLE LIKE #{sv}
               </when>
               <when test="searchKey == 'content'">
                  AND NOTICE_CONTENT LIKE #{sv}
               </when>
               <otherwise>
                  AND (NOTICE_TITLE LIKE #{sv}
                  OR NOTICE_CONTENT LIKE #{sv})
               </otherwise>
            </choose>
         </if>
         AND NOTICE_CODE=2
         AND NOTICE_STATUS = 'Y'
      </where>
      ORDER BY NOTICE_UPDATE_DATE DESC)
   </select> -->
   
   <!-- 다음 글 번호 -->
   <select id="selectNextNo" parameterType="_int"  resultType="_int">
      SELECT NOTICE_SEQ.NEXTVAL
      FROM DUAL
   </select>
   
   <!-- 게시글 등록 -->
   <insert id="insertNotice" parameterType="NoticeView">
      INSERT INTO NOTICE VALUES
      (#{noticeNo}, #{noticeTitle}, #{noticeContent}, 
       DEFAULT, DEFAULT, DEFAULT, DEFAULT, 
       #{memberNo}, #{noticeCode})
   </insert>
   
   
   <!-- 파일 삽입 -->
   <insert id="insertNoticeFile" parameterType="NoticeFile">
      INSERT INTO NOTICE_FILE VALUES
      (NOTICE_FILE_SEQ.NEXTVAL, #{fileOriginName}, #{fileChangeName},
       #{filePath}, DEFAULT ,#{noticeNo})
   </insert>


   <!-- 공지사항 상세조회 -->
   <select id="selectNotice" parameterType="_int" resultMap="noticeResultSet">
      SELECT * FROM V_NOTICE
      WHERE NOTICE_NO=#{noticeNo}
   </select>
   
   <!-- 파일 목록 조회 -->
   <select id="selectFile" parameterType="_int" resultMap="noticeFileResultSet">
      SELECT * FROM NOTICE_FILE
      WHERE NOTICE_NO=#{noticeNo}
      AND FILE_STATUS = 'Y'
   </select>
   
   <!-- 조회수 증가 -->
   <update id="increaseCount" parameterType="_int">
      UPDATE NOTICE SET
      NOTICE_COUNT=NOTICE_COUNT+1
      WHERE NOTICE_NO=#{noticeNo}
   </update>
   
   
   <!-- 공지사항 수정 -->
   <update id="updateNotice" parameterType="Notice" >
      UPDATE NOTICE SET 
      NOTICE_TITLE = #{noticeTitle}, 
      NOTICE_CONTENT = #{noticeContent}, 
      NOTICE_CODE = #{noticeCode}, 
      NOTICE_UPDATE_DATE = SYSDATE
      WHERE NOTICE_NO = #{noticeNo}
   </update>
   
   
   <!-- 공지사항 삭제 -->
   <update id="deleteNotice" parameterType="_int">
      UPDATE NOTICE SET NOTICE_STATUS='N' WHERE NOTICE_NO=#{noticeNo}
   </update>
   
   
   <!-- 파일 수정 -->
   <update id="updateNoticeFile" parameterType="NoticeFile">
      UPDATE NOTICE_FILE SET
      FILE_ORIGIN_NM = #{fileOriginName}, 
      FILE_CHANGE_NM = #{fileChangeName} 
      WHERE FILE_NO = #{fileNo} 
   </update>
   
   
   <!-- 댓글 등록 -->
   <insert id="insertReply" parameterType="NoticeReply">
      INSERT INTO NOTICE_REPLY VALUES
      (NOTICE_REPLY_SEQ.NEXTVAL, #{noticeReplyContent}, DEFAULT, DEFAULT, DEFAULT,
      #{noticeNo}, #{memberNo})
   </insert>
   
   
   <!-- 댓글 목록 조회 -->
     <select id="selectReply" parameterType="_int" resultMap="noticeReplyResultSet">
        SELECT * FROM NOTICE_REPLY_VIEW
        WHERE NOTICE_NO = #{noticeNo} AND NOTICE_REPLY_DELETE_YN='Y'
     </select>
  
      <!-- 댓글 삭제 -->
   <update id="deleteReply" parameterType="_int">
      UPDATE NOTICE_REPLY SET NOTICE_REPLY_DELETE_YN ='N'
      WHERE NOTICE_REPLY_NO=#{noticeReplyNo}
   </update>

   <!-- 댓글 수정 -->
   <update id="updateReply" parameterType="NoticeReply">
      UPDATE NOTICE_REPLY SET NOTICE_REPLY_CONTENT = #{noticeReplyContent}
      WHERE NOTICE_REPLY_NO=#{noticeReplyNo}
   </update>
   
   <!-- 댓글 갯수 -->
   <select id="replyCount" parameterType="_int" resultType="_int">
      SELECT COUNT(*) FROM NOTICE_REPLY WHERE NOTICE_NO=#{noticeNo}
      AND NOTICE_REPLY_DELETE_YN='Y'
   </select>
   

</mapper>