<?xml version="1.0" encoding="UTF-8"?>
<!DOCTYPE mapper PUBLIC "-//mybatis.org//DTD Mapper 3.0//EN" "http://mybatis.org/dtd/mybatis-3-mapper.dtd" >
<mapper namespace="PersonalMsg">


	<resultMap type="PersonalMsg" id="PersonalMsgResultSet">
		<id property="msgNo" column="MSG_NO" />
		<result property="msgTitle" column="MSG_TITLE" />
		<result property="msgContent" column="MSG_CONTENT" />
		<result property="msgStatus" column="MSG_STATUS" />
		<result property="memberNo" column="MEMBER_NO" />
		<result property="memberName" column="MEMBER_NAME" />
		<result property="msgSender" column="MSG_SENDER" />
		<result property="memberNo2" column="MEMBER_NO2" />
		<result property="msgDate" column="MSG_DATE" />
		<result property="deptCode" column="DEPT_CODE" />
		<result property="deptName" column="DEPT_NAME" />
		<result property="jobName" column="JOB_NAME" />
	</resultMap>


	<resultMap type="MsgSelect" id="MsgSelectResultSet">
		<result property="memberName" column="MEMBER_NAME" />
		<result property="deptCode" column="DEPT_CODE" />
		<result property="deptName" column="DEPT_NAME" />
		<result property="jobName" column="JOB_NAME" />
		<result property="memberNo" column="MEMBER_NO" />
	</resultMap>


	<!-- 게시글 목록 조회 -->
	<select id="selectMsgList" parameterType="int"
		resultMap="PersonalMsgResultSet">
		SELECT * FROM V_PERSONALMSG
		WHERE #{memberNo} = MEMBER_NO2
		ORDER BY MSG_NO DESC
	</select>


	<insert id="sendReply" parameterType="PersonalMsg">
		INSERT INTO PERSONAL_MESSAGE
		VALUES(SEQ_PM_NO.NEXTVAL,#{msgTitle},#{msgContent}, DEFAULT,
		#{msgSender} , #{memberNo2}, SYSDATE)
	</insert>

	<update id="msgStausUpdate" parameterType="PersonalMsg">
		UPDATE PERSONAL_MESSAGE SET
		MSG_STATUS = 'Y'
		WHERE #{msgNo} = MSG_NO
	</update>


	<!-- 쪽지 수신자 선택용 -->
	<select id="msgSelectList" parameterType="string"
		resultMap="MsgSelectResultSet">
		SELECT * FROM V_PERSONALMSG_SELECT
		WHERE DEPT_CODE = #{radiovalue}
	</select>



	<!-- 쪽지 발송용  -->
		<insert id="sendNewMsg" parameterType="PersonalMsg">
			INSERT INTO PERSONAL_MESSAGE
			VALUES(SEQ_PM_NO.NEXTVAL, #{msgTitle}, #{msgContent}, DEFAULT,
			#{memberNo2}, #{msgSender}, SYSDATE) 
		<!-- 	WHERE MEMBER_NAME = #{memberName} -->
			<!--  msgSender == memberName where절 -->
		</insert>



<!-- 쪽지 검색용 -->
<select id="searchMsgList" parameterType="hashMap" resultMap="PersonalMsgResultSet">

			SELECT * FROM V_PERSONALMSG
			WHERE MEMBER_NAME = #{searchValue} 
			AND #{memberNo} = MEMBER_NO2
				ORDER BY MSG_NO DESC

</select>




</mapper>
